Age,LungCap,Height,Gender,Smoke
9,3.124,57,female,no
8,3.172,67.5,female,no
7,3.16,54.5,female,no
9,2.674,53,male,no
9,3.685,57,male,no
8,5.008,61,female,no
6,3.757,58,female,no
6,2.245,56,female,no
8,3.961,58.5,female,no
9,3.826,60,female,no
6,2.806,53,female,no
8,3.205,54,male,no
8,4.579,58.5,female,no
8,4.354,60.5,male,no
8,4.774,58,male,no
7,3.796,53,male,no
5,2.416,50,male,no
6,3.634,53,female,no
9,5.056,59,male,no
9,5.812,61.5,male,no
5,2.2,49,female,no
5,1.768,52.5,female,no
4,0.517,48,female,no
7,5.734,62.5,male,no
9,6.964,65,female,no
3,2.212,51.5,male,no
9,5.044,60,male,no
5,3.265,52,male,no
8,6.94,60,female,no
9,4.3,60,female,no
5,1.846,49,female,no
9,7,65.5,male,no
8,6.019,60,female,no
7,4.279,57.5,female,no
5,2.836,52,female,no
8,4.525,59,female,no
9,6.175,59,male,no
8,4.213,55,male,no
8,2.641,57,male,no
8,4.012,57,male,no
9,7.405,60,female,no
8,5.26,59,male,no
5,3.328,51,male,no
8,3.793,57,female,no
5,2.029,50,female,no
9,4.228,57,female,no
7,2.872,54,male,no
8,2.032,52.5,female,no
6,2.95,55,male,no
8,6.196,60.5,male,no
5,4.051,54.5,male,no
9,6.391,61.5,female,no
9,8.668,62,male,no
8,3.109,54.5,male,no
6,2.902,54,male,no
9,5.71,57,male,no
9,7.048,62.5,female,no
7,5.257,60,female,no
4,2.707,50,female,no
8,3.094,57.5,female,no
8,4.369,60,male,no
8,5.443,60,female,no
6,2.443,51,female,no
4,2.731,49,female,no
8,3.82,59,male,no
6,3.241,57.5,male,no
9,4.207,58,male,no
7,2.893,55.5,female,no
5,2.608,52,female,no
9,5.68,60.5,female,no
8,3.886,57,male,no
8,5.593,58,female,no
9,6.145,60,male,no
9,5.371,59,male,no
9,4.27,59.5,male,no
7,3.367,56,male,no
5,3.574,53,male,no
5,2.356,51,male,no
9,9.526,69,male,no
6,3.157,53,female,no
7,4.333,57,female,no
6,3.085,53,female,no
8,4.633,63,male,no
8,3.382,54.5,male,no
7,3.751,58,female,no
8,4.432,63,female,no
7,1.759,52,male,no
9,5.977,61.5,male,no
5,2.74,52.5,male,no
9,4.378,62,male,no
9,7.087,61.5,female,no
9,6.892,64.5,male,no
7,2.833,57.5,male,no
8,4.645,60,female,no
8,5.164,60,female,no
9,4.588,61,male,no
9,3.253,58,male,no
9,4.495,61.5,male,no
7,3.046,55,male,no
8,2.569,55,male,no
8,1.876,52,female,no
7,2.947,54,male,no
9,5.764,63,male,no
4,0.388,47,male,no
9,5.722,60.5,female,no
6,3.937,56,male,no
8,5.062,58.5,male,no
6,3.154,55,male,no
7,3.226,58.5,female,no
7,2.809,51,female,no
8,5.917,59.5,female,no
7,3.487,54,female,no
7,4.252,58,male,no
7,4.66,58,male,no
7,2.419,52.5,female,no
8,5.023,60.5,female,no
7,3.094,54.5,female,no
5,1.588,46.5,female,no
8,3.616,56.5,female,no
7,4.657,55,male,no
9,5.26,57,male,no
7,3.481,54.5,female,no
7,2.383,54,female,no
6,2.014,53,male,no
8,4.27,57,male,no
8,3.091,59,female,no
8,2.686,55,male,no
9,4.12,55.5,female,no
7,2.827,51.5,female,no
8,5.374,61,female,no
9,5.95,63.5,male,no
8,2.287,57.5,male,no
8,3.025,53,male,no
9,3.841,56.5,female,no
8,4.207,54,male,no
6,2.716,52,male,no
6,2.044,53,male,no
8,4.864,61.5,female,no
9,3.319,58.5,male,no
5,0.373,52,female,no
7,3.715,58,male,no
9,5.389,61,female,no
6,2.293,51,male,no
9,5.893,62,female,no
9,7.342,64.5,male,no
9,4.405,58.5,male,no
6,2.581,52.5,male,no
8,4.879,58,female,no
9,7.126,66,female,no
8,6.781,63.5,male,no
8,5.995,64,female,no
9,4.903,58.5,male,no
9,5.38,64,male,no
9,5.776,60.5,female,no
7,3.25,55,female,no
8,3.277,53,male,no
6,2.608,48,male,no
9,4.777,58.5,female,no
9,4.144,64.5,female,no
9,5.713,60.5,male,no
7,4.138,56,male,no
8,3.34,58.5,female,no
5,2.656,54,female,no
8,3.859,58,female,no
9,6.679,64.5,male,no
6,3.139,50.5,male,no
9,6.553,60,female,no
6,2.872,51.5,male,no
8,5.893,59,male,no
5,3.457,53,male,no
7,2.974,53,male,no
7,4.474,53.5,male,no
4,3.367,52,male,no
9,7.012,64,female,no
8,5.509,63,male,no
9,3.799,58,female,no
9,4.273,58.5,female,no
9,4.948,59.5,female,no
5,3.112,51,female,no
9,2.818,57.5,female,no
7,1.495,47,male,no
6,4.306,55.5,female,no
9,4.96,57,female,no
9,4.69,61,male,no
9,3.148,55.5,male,no
7,3.37,53.5,male,no
5,1.438,50,female,no
8,4.561,61.5,female,no
9,6.151,61.5,male,no
7,3.388,55,male,no
9,3.859,58,male,yes
8,2.005,56.5,female,no
9,4.357,57,male,no
6,2.998,52,male,no
6,3.478,52.5,male,no
8,6.127,62.5,female,no
9,6.613,65,male,no
5,1.276,50,female,no
6,4.786,57.5,male,no
6,4.312,56.5,male,no
9,4.498,57.5,female,no
7,3.07,54,female,no
9,6.919,59.5,male,no
8,4.435,59.5,female,no
5,3.913,58,male,no
7,4.285,57,female,no
6,3.091,55,female,no
9,5.365,60,female,no
7,3.76,56.5,male,no
9,4.492,60,male,no
9,4.39,59,female,no
8,6.979,63,female,no
9,5.587,59,female,no
7,3.178,53,female,no
9,5.326,61.5,female,no
4,1.306,48,female,no
9,4.168,63,female,no
5,3.424,55.5,male,no
8,4.915,64.5,female,no
9,3.907,59,female,no
8,2.668,58.5,female,no
3,1.216,46,female,no
9,4.126,62,male,no
8,2.536,53,female,no
6,2.269,49.5,male,no
9,9.043,68,male,no
8,3.973,59.5,male,no
8,3.691,55.5,male,no
7,2.11,55,female,no
6,2.014,51.5,female,no
8,4.048,56,male,no
9,5.917,63,female,no
4,2.167,48,female,no
7,2.836,56.5,male,no
8,4.405,59,female,no
8,6.043,60.5,male,no
9,7.669,65,female,no
6,3.388,55,female,no
8,4.03,55,male,no
6,2.569,51,female,no
8,3.232,52.5,male,no
9,5.455,64,female,no
8,5.005,59,female,no
7,2.245,53.5,female,no
9,4.228,60.5,male,no
8,5.305,59.5,male,no
7,3.184,56.5,female,no
9,6.55,63,female,no
8,3.532,56.5,female,no
9,3.262,61.5,female,no
6,2.029,52,female,no
8,4.909,57,male,no
9,4.738,63.5,male,no
8,5.428,63,female,no
9,7.717,65,male,no
9,5.371,61.5,male,no
8,5.146,62,female,no
7,2.92,55,female,no
5,2.767,51,female,no
7,4.168,54,male,no
8,4.678,57,male,no
9,3.658,56,female,no
9,6.499,61.5,male,no
6,3.145,53,male,no
8,5.893,59,male,no
7,5.65,56,male,no
9,3.736,59,female,no
7,3.631,52.5,female,no
7,3.805,52.5,female,no
5,2.617,50,female,no
9,6.409,59.5,male,no
9,6.769,64,male,no
8,5.074,61,female,no
8,4.282,57.5,male,no
9,3.565,60,male,no
6,2.605,55,female,no
7,4.405,56,male,no
5,3.79,51,male,no
9,4.546,59.5,female,no
5,2.077,50.5,male,no
7,4.006,57.5,female,no
6,3.097,54,male,no
8,5.5,57,male,no
7,5.098,58,female,no
8,4.207,60,female,no
4,2.254,49,female,no
8,4.999,57,female,no
5,2.542,52,male,no
8,3.274,52,female,no
7,5.605,59.5,male,no
7,5.692,58,female,no
9,5.461,64,female,no
9,2.773,57,female,no
8,2.872,53,male,no
9,6.394,62,male,no
6,3.073,53,male,no
8,3.997,56.5,female,no
9,3.607,57,male,no
4,1.012,48,male,no
6,2.281,49.5,male,no
7,3.478,51,male,no
9,6.064,59.5,female,no
8,2.971,56,male,no
6,3.016,54,female,no
8,4.045,57.5,female,no
7,5.113,55.5,female,no
5,4.345,50,male,no
8,4.984,60,female,no
7,2.485,57,female,no
11,6.652,69,male,no
10,4.984,64,male,no
14,8.143,63,male,no
11,4.51,58,female,no
11,8.41,66.5,male,no
12,7.174,60.5,female,no
10,3.433,57,male,no
11,5.572,64,male,no
10,5.926,61,female,no
14,9.223,68.5,male,no
13,11.008,69.5,male,no
14,12.526,72,male,no
12,11.65,71,male,no
12,6.523,63,female,no
10,7.498,61.5,female,no
13,9.448,63.5,female,no
10,5.683,62,male,no
11,8.962,65,female,no
10,5.443,61,male,no
11,5.995,63,female,no
10,7.609,66,male,no
13,8.647,68,male,no
14,4.708,66,female,yes
11,7.666,72,male,no
10,7.333,66,male,no
11,8.47,67,female,no
13,7.441,64,female,no
10,5.56,60.5,female,no
10,4.876,63,male,no
12,6.667,64,female,no
10,4.738,60.5,male,no
10,3.811,62,male,no
10,5.938,60,male,no
11,6.871,64.5,male,no
11,10.021,67,male,no
11,5.158,61.5,female,no
10,7.753,66,male,no
11,6.286,60,female,no
11,7.033,64,female,no
13,10.915,68.5,male,no
13,9.718,67,male,no
11,8.749,67,male,no
11,7.708,66,female,no
14,8.308,62.5,male,no
11,7.174,61,male,no
10,7.021,62,male,no
10,8.467,66.5,male,no
10,6.592,60,female,no
14,8.284,64,female,yes
13,6.457,62,female,no
10,4.75,58,female,no
14,12.049,68.5,male,no
10,5.056,61.5,male,no
11,7.324,64.5,male,no
13,9.982,67,male,no
12,11.179,68.5,male,no
13,7.624,61,female,yes
10,5.776,65,male,no
13,7.579,70,male,no
11,3.082,60,male,yes
14,9.871,72,male,yes
11,5.038,59,female,no
13,12.367,69,male,yes
11,8.545,67.5,male,no
11,6.262,65.5,female,no
10,6.16,65.5,male,no
11,5.389,64.5,male,no
11,5.899,62,female,no
10,7.144,65.5,female,no
11,7.333,67.5,male,no
13,9.235,68,female,no
12,5.152,63.5,female,yes
10,4.282,58.5,male,no
10,7.549,65.5,female,no
14,7.222,65,female,yes
11,9.931,70.5,male,no
10,8.062,63,male,no
11,8.233,63.5,female,no
10,5.161,66,female,yes
11,7.513,63,female,no
13,9.661,67.5,male,no
13,5.938,61.5,female,no
10,5.512,60,female,no
11,8.761,64.5,male,no
11,9.535,68.5,male,no
12,6.913,64.5,male,no
10,6.673,61,female,no
10,3.469,57,female,no
11,5.251,62.5,male,no
10,4.525,58,female,no
11,6.205,62.5,female,no
14,10.819,72.5,male,no
13,6.928,65.5,male,no
12,9.505,69.5,female,yes
11,10.195,66.5,male,no
11,4.954,59,female,no
11,8.788,68,male,no
14,8.185,67,female,no
12,6.253,63,female,no
10,6.019,64.5,female,no
12,5.668,62,female,no
11,5.626,62,female,no
10,5.824,66,male,no
11,5.062,62,female,no
13,5.797,62.5,female,yes
10,2.374,57,female,no
10,9.385,68.5,male,no
11,5.473,59,female,no
13,7.18,61.5,female,no
10,5.635,65,male,no
11,6.979,66.5,male,no
10,7.915,65,female,no
13,12.268,68,male,yes
11,9.322,67,female,no
10,6.565,64.5,male,no
11,6.964,70,male,no
11,5.494,60,male,no
14,7.507,64,female,no
11,6.661,62.5,male,no
13,6.112,61,female,no
11,8.545,64,female,no
11,8.275,65.5,male,no
10,4.861,61,female,no
13,5.302,65.4,female,no
10,5.095,63.5,female,no
13,7.258,67.5,female,yes
10,6.088,66,male,no
12,6.604,62,female,no
10,6.439,61.5,female,no
14,10.927,69,male,yes
12,7.765,66,female,no
10,8.239,66,female,yes
11,11.779,69,male,no
14,10.333,71,male,no
12,3.748,60.5,male,no
10,3.574,58,male,no
10,6.925,63,female,yes
10,8.05,69,male,no
10,6.703,59.5,male,no
12,4.723,64,male,no
13,10.675,74,male,no
11,7.669,64.5,female,no
12,13.672,70,male,no
11,10.219,67,male,no
12,10.24,64.5,male,no
11,5.818,65,female,no
11,7.507,62.5,female,yes
12,11.233,68,male,no
12,9.373,68.5,male,no
13,7.267,67.5,male,no
11,5.395,60,male,no
12,8.029,68,male,yes
10,7.6,65,male,no
12,6.739,64,male,no
13,12.631,73,male,no
10,5.074,59,female,no
12,7.837,70.5,male,no
10,5.743,66,male,no
12,5.041,61.5,female,no
10,6.073,67,female,no
11,6.481,62.5,female,no
10,3.619,52.5,male,no
12,9.253,72,male,yes
14,5.614,71,female,no
10,6.274,65.5,male,no
10,7.15,60,female,no
12,7.237,60,female,no
10,4.603,60.5,male,no
10,3.574,59,male,no
13,4.648,68,female,yes
12,8.209,62,female,no
12,8.503,64.5,female,no
11,5.734,63,female,no
13,7.234,66,female,yes
12,7.558,67,female,yes
10,2.995,57,male,no
11,4.243,63,female,no
11,6.922,62,female,no
13,7.891,65,female,yes
12,10.219,68.5,male,no
13,11.344,69,male,no
13,9.952,71,male,no
10,4.75,58,female,no
12,6.256,63.5,female,no
12,4.912,66.5,male,yes
14,9.04,67,male,no
11,7.306,64,female,yes
10,6.586,61,female,no
13,6.031,67,female,yes
11,7.069,67.5,female,no
11,9.043,68,female,no
13,7.765,66.5,female,no
12,9.076,67,male,no
10,5.068,60.5,female,no
10,11.773,70,male,no
12,7.246,63.5,female,no
13,7.891,65,female,yes
11,7.774,63,female,no
10,4.648,61,male,no
11,7.741,65.5,male,no
11,10.972,67.5,male,no
11,5.086,61,female,no
11,5.689,63,female,no
11,7.618,63.5,male,no
14,8.755,70,male,no
12,12.16,71.5,male,no
13,7.993,65.5,female,no
13,13.249,74,male,no
10,8.494,68,male,yes
12,5.251,61,female,no
10,5.092,61,male,no
10,5.023,61,male,no
12,6.277,61.5,female,yes
11,6.859,67,female,yes
12,7.693,63,male,no
11,7.234,67.5,male,no
11,8.107,70.5,male,no
12,8.587,70.5,male,no
12,6.598,62,female,no
14,6.673,62,female,no
11,7.066,61.5,female,no
10,7.381,62,male,no
11,6.598,60.5,female,no
12,5.815,62.5,female,no
13,7.168,63,female,no
12,5.707,63,female,no
11,5.503,62,female,no
11,7.96,65.5,male,no
11,4.369,65,male,no
14,9.34,70,male,no
11,9.541,66,male,no
13,9.355,63,female,yes
12,9.772,68,male,no
10,4.396,59,male,no
12,6.256,68.5,male,no
13,5.347,63,female,no
10,8.368,63,male,no
10,7.219,66,female,no
10,6.064,62,female,no
10,7.987,68,male,no
14,10.813,72.5,male,no
12,8.59,64,male,no
11,6.784,65.5,male,no
11,6.067,61.5,female,no
12,4.996,57,male,no
14,6.802,64,female,no
14,4.828,66,male,yes
10,7.33,64.5,male,no
11,6.682,67,male,no
11,11.911,72,male,yes
10,5.305,65,female,no
10,6.514,63,female,no
12,7.105,62,female,no
12,12.493,71,male,no
11,6.436,61,male,no
12,6.142,65.5,female,no
10,7.258,62,female,no
12,8.557,65.5,female,no
13,10.696,70.5,male,no
10,6.31,62,male,no
12,8.023,65.5,female,no
10,7.27,65,male,no
13,5.593,61,male,no
12,6.466,69.5,male,no
10,7.114,65,female,yes
12,6.805,65.5,male,no
10,5.704,63.5,female,no
11,5.161,60.5,male,no
12,5.497,65,male,no
11,10.39,67,male,no
12,7.003,63.5,female,no
10,7.396,59.5,female,no
13,8.731,63.5,female,no
12,7.666,61,female,no
11,7.84,66,male,no
11,5.977,64,male,no
11,6.466,62,female,no
11,4.42,60.5,female,no
12,10.609,71,male,no
14,6.991,64.5,female,no
11,7.36,61,female,yes
11,5.686,62.5,female,no
12,7.246,64.5,female,no
14,9.418,68,male,no
11,8.017,68.5,male,yes
13,7.456,62,female,yes
11,5.374,60,female,no
10,5.173,59.5,male,no
13,7.423,61,female,no
12,5.737,63,female,no
11,7.312,67.5,female,yes
13,10.135,69,male,yes
14,12.289,68,male,yes
10,4.3,58,male,no
11,7.207,65,female,yes
11,6.355,69,male,no
15,10.852,70,male,no
15,11.518,71,male,yes
18,6.718,66,female,no
19,13.306,72,male,no
19,8.557,66,female,yes
16,9.064,68,male,yes
17,11.287,70,male,no
15,10.837,67.5,male,no
15,11.5,70,male,no
15,5.905,64,female,no
15,6.037,66,female,yes
15,4.594,62,female,yes
19,8.035,65.5,female,yes
18,7.246,64.5,female,no
16,8.161,66.5,female,no
17,7.246,67,male,yes
16,6.709,63,female,yes
15,7.012,64,female,yes
15,15.379,69,male,no
15,9.955,71,male,no
18,10.66,68,male,no
17,12.172,70.5,male,no
15,9.193,67,male,no
17,8.218,69,male,yes
17,8.5,62,female,no
16,9.022,67.5,female,no
17,14.899,73,male,no
15,7.366,64,female,yes
15,7.99,68.5,female,yes
16,5.824,62,female,yes
16,8.935,73.5,male,no
15,9.397,66.5,male,yes
18,10.258,67,male,yes
15,6.661,63,female,no
16,10.21,69.5,male,yes
17,9.88,70,male,no
16,10.897,66,male,no
16,6.943,66,female,no
15,4.792,63,female,yes
18,11.212,70.5,male,yes
15,4.834,60,female,yes
16,11.512,72,male,no
17,14.914,70,male,no
16,12.616,72,male,yes
16,10.81,67,male,yes
15,9.181,68,male,yes
18,6.559,60,female,no
16,6.385,63,female,yes
15,7.633,66.5,female,no
